rownum,target,id
0,0,2177110313
1,0,1834056468
2,0,2177933823
3,4,1990905310
4,4,1834348758
5,4,1823385640
6,0,2066020834
7,0,1692856516
8,0,2052700058
9,4,2190093104
10,0,1754792100
11,0,2254652129
12,0,2062323205
13,0,1554169282
14,4,1827421745
15,4,2063390226
16,4,1990685028
17,4,2004047324
18,0,2297011413
19,4,1677171742
20,0,1836242673
21,0,2031685328
22,4,2181250677
23,4,1989497439
24,4,1564104096
25,0,1977570189
26,0,2285047951
27,4,1984985989
28,0,2002609122
29,0,2299421025
30,0,2013795098
31,0,1971022829
32,0,2051781524
33,4,2058641650
34,0,1986047369
35,4,1975582352
36,4,1981099616
37,0,2046120397
38,0,1827579265
39,4,1986307900
40,0,2064142654
41,4,1828037579
42,4,2017880627
43,0,1986399323
44,4,1989550087
45,0,2208107906
46,0,2325575995
47,0,2215229007
48,4,2053861022
49,4,1557821782
50,4,1984549046
51,4,2178212398
52,4,1983467566
53,4,1553895328
54,0,1755602056
55,4,1556666598
56,4,2063407704
57,4,2015738107
58,0,1984664187
59,0,2260046647
60,0,1694495128
61,0,2071935624
62,0,2190860026
63,4,1556776313
64,4,1961572344
65,4,2063577897
66,0,1573486718
67,4,1693120378
68,0,1994840283
69,4,2058381106
70,0,2061691293
71,0,1833661190
72,0,1678686984
73,0,2285287754
74,0,2197595341
75,0,2197074109
76,4,1833420404
77,4,1965467077
78,4,1965843996
79,0,1964085189
80,0,1755376010
81,0,2059322530
82,0,1794387354
83,4,1957468092
84,4,2189427074
85,4,1469341428
86,0,2060936835
87,0,1989133189
88,0,2001434093
89,4,2002266024
90,4,2049650551
91,4,1957017043
92,0,1556234271
93,0,2252831831
94,4,1563468944
95,0,2192194937
96,4,1932329069
97,4,2062766163
98,4,1825065069
99,4,1694184370
100,0,2177402286
101,4,2191402771
102,4,1978107720
103,0,2044608181
104,4,1881451886
105,0,2287000799
106,4,1753501802
107,0,1834302859
108,0,2215065091
109,0,1555786804
110,4,1964938896
111,0,1557592576
112,0,2236561319
113,0,1836018944
114,0,2200614870
115,4,2068666900
116,4,1966097237
117,0,2056602715
118,0,2174901470
119,0,2260929130
120,4,2064118483
121,4,1997503131
122,0,2253500672
123,0,2177490785
124,0,2234081960
125,4,2001801077
126,4,2052194469
127,0,2069259586
128,4,2191175367
129,0,1691822659
130,0,2054919906
131,4,2064146956
132,4,1695618603
133,0,1760113572
134,4,2053462346
135,0,2175542398
136,0,1555839249
137,0,1558047146
138,0,1997896390
139,4,1882834171
140,0,2283971837
141,0,2000466240
142,4,1834008504
143,4,2002172995
144,4,2185102062
145,4,2063522017
146,4,1881946814
147,0,2323948488
148,4,1973570670
149,0,2063965350
150,4,2049913738
151,0,1988705687
152,0,2205435908
153,4,2187389951
154,4,2014431924
155,4,2176710819
156,0,2323757213
157,0,2174776441
158,4,2054612940
159,0,2013884374
160,0,2295655953
161,0,2058319655
162,4,2001702795
163,0,1882155205
164,0,2005143600
165,4,1550820207
166,4,1979312273
167,4,1960397566
168,0,1967948893
169,0,1551618390
170,4,1990937412
171,4,1989710833
172,0,1827586525
173,0,1556334405
174,4,1686709078
175,0,2244232691
176,4,2178621431
177,4,2063557619
178,4,1968793469
179,0,1751489550
180,4,1696045652
181,4,1983240408
182,0,1970335439
183,4,1694311409
184,4,2017959378
185,4,2064729243
186,0,2203946110
187,0,2050667493
188,4,2001496798
189,0,2201220373
190,0,2046376977
191,0,2047433325
192,0,2062143860
193,4,2185014427
194,4,1975376950
195,0,2060979639
196,0,1978896393
197,0,2014568235
198,0,2064273821
199,4,1573562865
200,0,2063293094
201,4,1962646860
202,4,2063198810
203,0,2259787395
204,4,1985876041
205,0,1978266182
206,4,1990952104
207,4,2045413870
208,4,1996438857
209,0,1993412224
210,4,2061603755
211,4,1982434289
212,0,1971233163
213,4,2047343181
214,0,1982097461
215,4,1973400421
216,0,1972812847
217,4,2174835800
218,4,2016640279
219,4,1965260641
220,4,1969802101
221,0,2262805552
222,0,1557071088
223,4,2048284826
224,4,2018978833
225,4,1831960863
226,0,1982874201
227,0,2209910042
228,4,1974001739
229,0,2254646875
230,4,1677793870
231,4,1977389183
232,0,1676481515
233,4,1468886141
234,4,1880258115
235,0,2206237635
236,4,2186697552
237,4,1557063069
238,4,2008178093
239,0,2228129013
240,4,1693995098
241,0,2190472343
242,0,2188867305
243,0,1557659446
244,0,2259988496
245,0,2191031611
246,4,2002034113
247,0,2062158364
248,4,1964172784
249,4,2051364374
250,4,1755773442
251,0,2052864370
252,0,2007467691
253,4,1880306894
254,4,2062723699
255,0,2057455901
256,0,1692714913
257,4,1975646351
258,4,2053672773
259,0,2059281048
260,0,2054201043
261,0,2048243348
262,4,2068394679
263,4,1933005694
264,4,2185488957
265,0,1694696748
266,4,1565166005
267,0,2047698517
268,4,1964707952
269,0,1956662400
270,4,2184920912
271,0,1993622897
272,4,2189036966
273,0,2234637691
274,4,1994956378
275,4,1793958087
276,4,1989427536
277,0,2211596841
278,4,2060908867
279,4,1753919999
280,0,1992448985
281,0,1979809095
282,0,2189750108
283,4,1696045408
284,4,1693088622
285,0,1989942632
286,4,2174394834
287,4,2002789374
288,4,1753743118
289,0,1694313049
290,4,2061267793
291,4,2001567612
292,4,1685367512
293,0,2200165016
294,4,1980411389
295,0,2203376693
296,0,2300058018
297,0,2189986655
298,4,2061215575
299,0,2008964706
300,4,2183895032
301,4,1690760057
302,0,2179180692
303,4,2050209293
304,0,1968183635
305,0,2175696208
306,4,2066390716
307,0,2266285479
308,0,1964738672
309,0,2228270196
310,0,2265636438
311,0,1974952519
312,4,1984293194
313,0,1880046913
314,0,1977886053
315,4,2058364165
316,0,2263110722
317,4,1984088280
318,4,1883389336
319,0,2224735558
320,0,1990069788
321,4,1960186970
322,0,2062574704
323,4,1564135626
324,4,2016519096
325,4,1982720045
326,0,1834801570
327,4,1684926832
328,0,2230587552
329,0,1752738090
330,4,1834236452
331,4,1990603948
332,0,1823505540
333,0,2286024591
334,0,1692956996
335,0,2248585140
336,4,2064771121
337,0,1979642025
338,4,2174961700
339,0,2202995684
340,0,1755635220
341,4,2191179044
342,0,2287024895
343,4,1835206790
344,0,2059291251
345,4,2065147733
346,4,2072317217
347,4,1984277267
348,0,1685125324
349,4,1957618913
350,0,1969369055
351,4,1685007132
352,0,2196092032
353,4,1989355358
354,0,2190287183
355,0,2065695728
356,0,2252494786
357,0,1955868644
358,4,1965449730
359,4,1759814615
360,4,1833814370
361,0,2047914628
362,0,2068458049
363,4,1551807333
364,0,1771027914
365,0,2241580193
366,0,1556160775
367,0,1883338753
368,4,1979552763
369,0,2296471083
370,4,2072152313
371,0,2013867055
372,4,1933098960
373,4,1469246210
374,4,1968622602
375,0,2181469703
376,0,1967190265
377,4,2002452233
378,0,1966338008
379,0,2000087106
380,0,2248961702
381,4,2187818730
382,0,1753368586
383,0,2252101577
384,4,1979293708
385,0,2175672855
386,4,1558048635
387,0,1991502205
388,4,2189699157
389,0,1468114836
390,4,1880598545
391,0,2051910925
392,4,1753954385
393,4,2052426398
394,4,1976830052
395,4,1755741868
396,4,1997600844
397,4,1882029354
398,4,1981128655
399,0,2253201408
400,0,1827197734
401,0,1470058263
402,0,2242653729
403,0,2202705749
404,4,2175531828
405,0,2002618737
406,0,1966035724
407,0,2057755878
408,4,1834874193
409,4,1677490266
410,4,1676688705
411,0,1978458494
412,0,1691199088
413,0,1794189762
414,0,2216805517
415,0,2071298310
416,4,2068707866
417,4,1880582178
418,0,2247617476
419,4,1751954757
420,4,1992166911
421,0,1966467077
422,4,2063489255
423,0,2031202512
424,0,1985289363
425,0,1979556485
426,4,1827748676
427,0,2258737629
428,0,1991156337
429,4,2012556692
430,4,1996917890
431,4,2055137885
432,4,2049498674
433,4,1989274715
434,4,1969004262
435,0,2253921240
436,0,1880225262
437,4,1834726278
438,0,2186168545
439,4,1956729428
440,0,2302249663
441,0,2016377115
442,4,1694857118
443,4,2182606270
444,0,2240511883
445,4,2058383395
446,0,1554135412
447,0,2058713131
448,4,1981029221
449,4,1693177110
450,0,2265517686
451,0,2055755206
452,4,1969003725
453,4,1752918255
454,0,1990325978
455,4,1833012150
456,0,2322080019
457,0,2193421512
458,0,1971125902
459,4,2049323387
460,4,2181002469
461,4,2190775223
462,4,1989074544
463,0,1836180474
464,4,1557749235
465,0,2198205344
466,0,1963529607
467,4,2190807408
468,4,2049185109
469,4,1988957201
470,0,1559064719
471,4,2057281752
472,4,1979897047
473,0,1678535350
474,4,2061066041
475,4,1969602428
476,4,1468741131
477,0,2207810962
478,4,1675932792
479,0,2003230277
480,4,1975895152
481,4,2176513362
482,0,2052807523
483,0,2050465409
484,0,2261313788
485,0,1991220742
486,4,2063643418
487,0,2251413510
488,0,2000128315
489,4,2189683315
490,4,1955794662
491,4,1556876767
492,4,1957671528
493,4,2000937701
494,0,2060986323
495,0,1972381611
496,4,1974595012
497,0,2233741927
498,0,1556665943
499,4,2185400637
500,0,2053233682
501,0,1825875300
502,0,1827940652
503,4,1692295830
504,0,2000028129
505,4,1676254597
506,0,1556780837
507,0,1992345158
508,0,2197218718
509,0,1986123328
510,4,1694929606
511,4,2063692491
512,4,1933085723
513,0,1827327241
514,4,1468821025
515,4,1695081624
516,0,2327667903
517,0,1686776067
518,4,1771133427
519,0,2284778560
520,0,2045331303
521,4,1792818025
522,4,2176524863
523,0,2296051689
524,4,2001869151
525,4,1976905116
526,0,2187057903
527,0,1752692138
528,0,1686209644
529,4,1793753832
530,0,2179741912
531,4,2191682889
532,0,1558066194
533,0,2219477892
534,0,2223134641
535,4,1880265102
536,4,1990987419
537,0,2181662720
538,0,2218192969
539,4,1976877451
540,4,1999394392
541,0,1989694636
542,0,2052659669
543,0,2217570211
544,4,2193527055
545,4,2064541790
546,4,1793481123
547,4,1882835414
548,4,2051705887
549,0,2068719169
550,4,2060473622
551,0,1794155805
552,4,1574066455
553,0,2255524777
554,0,2217738967
555,4,1992518540
556,4,1882164305
557,4,1982889959
558,0,2046904374
559,4,2045625923
560,4,1992936167
561,0,2052095290
562,4,2065197632
563,4,1975409845
564,4,1880402364
565,4,2032886488
566,4,1990969157
567,4,2057923491
568,0,1692636796
569,0,2327988835
570,4,1880514399
571,4,2046198952
572,0,1834088017
573,0,2178021275
574,4,1999136014
575,0,1956451535
576,4,1680093039
577,4,1989893022
578,0,1999833023
579,0,2052253843
580,0,1998201096
581,0,1990190168
582,0,1998522013
583,0,2233239518
584,4,1960230630
585,0,2174890991
586,0,1883616428
587,4,1974494367
588,0,2236467664
589,0,1555692338
590,0,2211149583
591,0,2206437260
592,0,1556304433
593,0,1969167693
594,4,1548837860
595,4,1469673380
596,4,1975646790
597,0,2262207403
598,4,2176023398
599,4,2176766559
600,4,1794098897
601,4,2187552584
602,0,2202126843
603,4,1981934947
604,4,2001111677
605,4,1834002793
606,4,2045338435
607,0,2264852254
608,4,1548863573
609,4,1753309953
610,4,2181676790
611,0,2245757336
612,0,1751737014
613,0,2191818605
614,0,1833249540
615,0,1975189379
616,0,2064675751
617,4,2064647433
618,4,1679910185
619,0,2068880630
620,0,2258559004
621,4,1573984752
622,4,2013781058
623,4,1971304213
624,4,1972882344
625,4,1985167379
626,0,2059795244
627,4,1556877993
628,0,2050717083
629,4,2065029597
630,0,1989038943
631,4,2189737298
632,0,2061523277
633,4,1881427570
634,0,2214392488
635,4,2176069189
636,0,1470059389
637,0,2249815745
638,0,1686440754
639,4,2031189132
640,0,1793173951
641,0,1972098923
642,4,2052736655
643,4,1981819508
644,0,1687173272
645,4,1965952818
646,4,1557615021
647,4,1932758713
648,0,2070963799
649,4,2045689201
650,0,1981184176
651,0,2264571039
652,0,2007521291
653,4,1995828225
654,4,1556315705
655,0,2189000223
656,4,2062562066
657,4,1975266237
658,0,2068257103
659,0,2058344357
660,0,2214394516
661,0,1967164934
662,4,1980456449
663,4,1991207636
664,0,2000664918
665,0,2001901016
666,0,2232486299
667,4,1759351138
668,4,1956092029
669,0,1969752487
670,4,1967005672
671,0,1468361627
672,4,2064166473
673,4,2175645353
674,4,1995678968
675,0,2058852909
676,0,1879916591
677,0,2189306547
678,0,2052913720
679,0,2194652289
680,0,2248810036
681,4,1999855931
682,4,1827863024
683,0,1995423551
684,0,2201797426
685,0,2228246343
686,0,2203507884
687,0,1958086773
688,4,1981145214
689,4,1881338985
690,0,1554101368
691,0,1676665916
692,0,1565868976
693,0,1827825745
694,4,2053228415
695,4,1956825050
696,0,2234034366
697,0,2060835383
698,0,1988800049
699,0,1971350523
700,0,1564165615
701,0,2244435658
702,0,2229117458
703,4,1975849664
704,0,2189572979
705,0,2065747171
706,0,2302762982
707,0,2248971868
708,0,2324715443
709,0,2003322253
710,4,1978664544
711,4,1979166437
712,0,1573506285
713,0,2250844298
714,0,2016656003
715,0,2285596824
716,4,1966184122
717,0,2263131426
718,0,1977739871
719,0,2234178567
720,0,1825000193
721,4,2051375679
722,0,1979249296
723,0,1984978397
724,4,2061967512
725,4,2175458036
726,4,1972526324
727,0,1882265004
728,0,1835173030
729,0,1970913916
730,0,2191247613
731,0,1980238105
732,4,1971218878
733,0,2188708870
734,0,1825758253
735,0,2255051456
736,0,2210228780
737,0,2263652130
738,0,2306274109
739,4,1687973541
740,4,1984917635
741,0,2186032306
742,0,1759042737
743,4,2175769866
744,0,2064128430
745,4,2016281293
746,4,1970253921
747,0,2066951575
748,4,2060171804
749,0,1996999868
750,0,1957122083
751,4,1961486140
752,4,2001456896
753,0,2233875664
754,4,1468992337
755,0,2200125103
756,0,2190910042
757,4,2187503277
758,0,1555839218
759,0,2323898563
760,0,2248436414
761,4,1962665044
762,4,2064239233
763,0,1932646982
764,4,1975104338
765,0,2064149180
766,0,2248317182
767,0,2187754103
768,0,1969783470
769,4,1686334670
770,4,1970774688
771,0,2241506009
772,4,2002398119
773,0,1975275568
774,0,2058366488
775,4,2062447520
776,4,1550684102
777,4,2004584733
778,4,1881568581
779,4,1680202691
780,4,2177542010
781,0,1960390744
782,0,1754157198
783,4,1968888367
784,4,2190762572
785,4,1990246350
786,4,1573152372
787,0,2197497935
788,0,2013993748
789,4,1827125122
790,0,2003951989
791,4,1881241005
792,0,1751214997
793,0,2266681002
794,4,1752385042
795,4,2068632298
796,0,1983827644
797,4,2047296803
798,0,2048433652
799,4,1993411310
800,4,1970435329
801,4,2058915075
802,0,2302631592
803,0,2240519526
804,4,1985875795
805,0,2298261370
806,0,2264692903
807,0,1969156189
808,0,2244219394
809,4,1824617974
810,4,1833314783
811,4,1691382765
812,0,1968677922
813,4,2031156345
814,4,2016381056
815,4,1833625939
816,0,2299159898
817,4,2190197261
818,4,2190318824
819,0,2002664862
820,4,2063586436
821,4,2051990822
822,4,1827455369
823,4,1958068349
824,4,1794910862
825,0,2175969573
826,4,1977208157
827,4,2176103409
828,4,2015173551
829,4,1990970431
830,4,1957465675
831,0,2262200431
832,0,1974542773
833,4,2066574824
834,0,1979421679
835,0,2259428342
836,4,2048921433
837,0,2256580546
838,0,2285348176
839,0,2014431964
840,0,2187724530
841,4,1793827950
842,0,1978377163
843,4,1956873412
844,4,2176750740
845,0,2054958337
846,4,2175420082
847,4,1963243495
848,4,1686639153
849,4,2015782265
850,4,2015514416
851,0,2195872035
852,0,1978534702
853,4,1880982563
854,4,1676890275
855,4,2189427099
856,4,1968709597
857,0,1754842899
858,0,2005857556
859,0,1573348758
860,4,2063953471
861,0,1680813698
862,0,1881048885
863,4,1753310290
864,0,1979236777
865,4,1771136538
866,4,1753118227
867,4,1979468139
868,4,1827852664
869,0,1956109891
870,4,1985036945
871,4,1974054448
872,0,2196895666
873,4,2062364212
874,0,2067968444
875,0,2208194185
876,0,2054443568
877,0,2207293086
878,0,2215499561
879,4,2184967003
880,0,1557113583
881,0,2181350126
882,4,2052505883
883,0,2200981564
884,4,1881855298
885,4,1881477265
886,0,1973570527
887,4,1881168731
888,0,2252167579
889,4,1881477142
890,0,1990475888
891,0,2324947941
892,0,2202015594
893,0,1791606941
894,0,2052622967
895,0,1678235765
896,4,1835409585
897,0,2212452507
898,0,2243067769
899,4,1968915220
900,4,1555960695
901,4,1956514858
902,0,1978969555
903,4,2052684417
904,0,1962967916
905,4,1956911603
906,0,2049763096
907,4,1984155682
908,4,1997927574
909,4,2014370751
910,0,2198918799
911,0,1791738960
912,0,2201244200
913,0,2263597407
914,0,2002430977
915,4,1558344768
916,4,2001646710
917,4,1753989837
918,0,1977138798
919,4,2066446187
920,0,2325794302
921,0,2221833648
922,0,2210505224
923,4,1556041105
924,0,2261423786
925,0,1933027270
926,4,1990156643
927,4,1970126305
928,4,1978010457
929,4,1994082951
930,0,1994130241
931,4,1753349230
932,4,2182705197
933,0,2001029113
934,0,1975258449
935,0,2062284326
936,4,2176604969
937,0,2049486477
938,4,1981706559
939,4,2068534905
940,0,2248258232
941,0,2230064776
942,4,1825179912
943,0,2241312653
944,4,1469067727
945,0,1981096310
946,4,1991533028
947,4,2058587520
948,0,2006624638
949,0,1468635362
950,4,1685520809
951,0,1980406262
952,4,1833658444
953,0,1676725394
954,4,1974512712
955,4,1694419814
956,0,1836310967
957,4,1980717830
958,0,2186338095
959,4,1836099445
960,0,2053717958
961,0,1993834691
962,0,2325123197
963,0,2206878229
964,0,2052596003
965,0,2251909770
966,0,2063665029
967,4,1572846096
968,4,2177280078
969,0,1976799989
970,4,1971169354
971,4,2049024979
972,4,2049876729
973,4,2003657245
974,4,2055603096
975,4,1998874519
976,4,1693510437
977,0,1557872990
978,0,2286974621
979,0,1974806315
980,0,1753467748
981,4,1971664986
982,0,2241056373
983,4,1994251345
984,4,1558191327
985,4,1968850459
986,0,2215267727
987,4,1822506212
988,4,1832582144
989,0,2202892790
990,0,2189197611
991,0,1834909084
992,4,1881590963
993,4,2044407693
994,4,2177298309
995,0,1793237562
996,0,2048808953
997,0,2265485013
998,0,1754253112
999,4,2069066240
1000,0,2223927380
1001,0,2241702613
1002,0,2000356941
1003,0,2063318918
1004,4,1793592711
1005,0,2322395417
1006,0,2199386681
1007,0,2176804886
1008,0,2264351955
1009,0,1554005826
1010,4,1677566971
1011,0,2235983021
1012,4,2067838791
1013,4,1979380369
1014,4,1881898909
1015,4,1991797766
1016,0,2188041622
1017,0,2262104618
1018,0,2183375556
1019,0,1971672576
1020,4,2191016179
1021,0,2326128971
1022,4,2176617541
1023,0,2001433165
1024,4,2009749587
1025,4,2186884665
1026,4,2071847868
1027,4,1770779594
1028,0,1933054050
1029,4,2046385294
1030,0,2199389624
1031,0,1983582517
1032,4,2064293459
1033,0,1754086087
1034,0,2218970300
1035,4,2186837515
1036,4,1932511946
1037,0,1978692196
1038,0,2044672517
1039,4,1553706924
1040,4,1680812404
1041,0,1967579919
1042,0,2184646443
1043,0,2296081069
1044,4,1832635286
1045,4,2178740436
1046,0,2210022993
1047,0,2253898116
1048,4,1979499407
1049,4,1558072318
1050,4,1695083053
1051,0,1881667341
1052,0,2209356561
1053,4,1883035727
1054,0,2200863009
1055,4,2176913133
1056,4,2069826227
1057,0,1677049009
1058,4,1983898026
1059,0,2067122201
1060,4,2063438283
1061,4,2001799644
1062,0,2240798221
1063,0,1677382395
1064,4,2062846508
1065,4,1836396668
1066,0,2286370928
1067,4,2014243804
1068,4,1881643171
1069,0,2016446529
1070,4,1989972913
1071,0,1994208854
1072,0,1986706208
1073,4,2066119925
1074,0,2206400803
1075,0,2051406244
1076,0,2061675022
1077,4,2046867829
1078,4,2064270712
1079,0,1751204962
1080,4,2188267891
1081,4,1752535748
1082,0,1971622819
1083,0,1962436716
1084,4,2057044499
1085,0,2066274735
1086,4,2185800847
1087,0,2325601348
1088,4,1880600447
1089,4,1957466127
1090,0,1965575656
1091,0,2214576831
1092,4,1989185269
1093,4,1962158609
1094,0,2197445499
1095,4,2000879826
1096,0,1968739133
1097,0,1965823468
1098,0,2211759520
1099,4,2047789988
1100,4,1957691478
1101,0,1977603992
1102,0,1991726331
1103,0,2285973937
1104,0,2001548352
1105,0,1824692102
1106,0,1980399239
1107,4,1973262209
1108,0,1559514047
1109,4,1964197133
1110,4,1990011628
1111,4,2178788595
1112,4,2169500194
1113,0,2236366285
1114,0,1676588963
1115,4,1824826642
1116,4,2188769579
1117,0,1976422617
1118,4,1999895812
1119,4,2001067362
1120,0,2047645081
1121,4,1955944530
1122,0,2264707810
1123,4,1563493660
1124,0,2228334020
1125,4,1932577819
1126,4,1770896021
1127,0,2056698741
1128,0,1835429223
1129,4,1971076376
1130,4,1994015762
1131,0,2065347090
1132,4,2190563553
1133,4,2184368386
1134,4,1974531134
1135,4,1993246070
1136,4,1880050474
1137,0,1687968264
1138,4,1957741113
1139,0,1753009514
1140,4,2011929879
1141,0,2233220061
1142,0,2234630073
1143,0,2249760604
1144,4,1695135561
1145,0,2264049874
1146,0,1980164963
1147,0,1996160882
1148,0,2244088987
1149,0,2321440904
1150,0,2256797895
1151,4,1999121455
1152,0,2000001432
1153,0,2189170860
1154,4,1980733900
1155,4,2001752558
1156,0,2205220107
1157,0,2241006657
1158,0,1754062023
1159,4,1981264948
1160,0,1792480702
1161,0,2257020640
1162,0,2252253844
1163,4,2049286158
1164,0,2066479624
1165,4,1957574888
1166,4,1960762491
1167,4,2063079286
1168,4,1834149938
1169,4,1978187531
1170,4,2048452620
1171,0,1970742890
1172,4,1977093632
1173,4,1983483239
1174,0,2039736587
1175,4,1980308842
1176,4,1693976293
1177,0,2219487669
1178,0,2232548583
1179,0,1966611329
1180,0,2068754613
1181,4,1979584585
1182,4,1971180747
1183,4,1695962637
1184,0,1961047713
1185,0,2207045494
1186,4,1991775855
1187,4,2003477084
1188,4,2059068332
1189,4,1880924351
1190,4,2174736632
1191,4,2180178810
1192,4,1971320264
1193,4,1981016565
1194,4,2175839452
1195,4,1968434598
1196,4,1989940086
1197,4,2174459938
1198,0,2195878656
1199,0,1989543909
1200,4,1573893106
1201,0,1753196446
1202,4,1981565817
1203,0,1554400125
1204,4,1825349176
1205,0,2213656228
1206,0,1556395008
1207,0,1970093952
1208,0,1983947920
1209,0,2178439077
1210,0,1991582462
1211,0,2259912775
1212,4,1685323807
1213,0,1681059445
1214,4,2189935236
1215,4,1964195606
1216,4,1985803322
1217,4,1834236851
1218,4,1933044428
1219,0,1760112505
1220,0,2218375532
1221,4,1677537712
1222,4,1555931798
1223,0,1469812202
1224,4,2066625846
1225,4,1966557594
1226,4,2057637387
1227,4,1880324986
1228,0,2066563902
1229,4,1999947220
1230,0,2206963721
1231,0,1754467967
1232,4,2003187473
1233,4,1975520723
1234,0,2060280741
1235,4,1989479977
1236,0,2053216126
1237,4,2071114834
1238,0,2016973219
1239,0,2257286500
1240,0,1573557757
1241,4,1551301964
1242,0,2235105886
1243,0,1989500792
1244,4,2015654256
1245,0,2323026989
1246,0,2051617498
1247,0,2175396963
1248,0,2214499747
1249,0,1686257737
1250,4,1970213533
1251,4,1469343321
1252,4,2050754201
1253,0,2051076319
1254,0,1881603249
1255,4,1984019980
1256,0,2284538478
1257,4,1753290965
1258,0,2047497378
1259,0,1881751374
1260,4,1771004254
1261,0,1970960143
1262,4,2061603250
1263,0,2004044741
1264,0,1572953634
1265,4,1960351202
1266,4,2180202361
1267,0,1968635190
1268,0,1685867698
1269,0,1986509719
1270,4,1834141585
1271,0,2209634195
1272,4,2000838971
1273,4,1976383615
1274,4,2193504547
1275,4,2055289620
1276,0,1978897611
1277,0,2289544928
1278,4,1993351814
1279,4,1794583614
1280,4,2047546581
1281,0,2221757540
1282,4,1967640242
1283,4,1986498397
1284,4,2067415138
1285,4,2001041656
1286,0,2196616586
1287,4,2189184868
1288,4,1956588145
1289,0,2326176317
1290,0,2254519307
1291,0,2221223739
1292,4,1970444186
1293,4,1824331317
1294,4,2176854514
1295,4,2052073061
1296,0,2063151574
1297,0,2228140402
1298,0,1968082317
1299,4,1969415925
1300,4,1751537743
1301,0,2202372226
1302,4,2017421915
1303,4,2069810115
1304,4,2174521497
1305,4,1752619204
1306,4,2070641898
1307,0,1686212287
1308,4,1968823695
1309,4,1979398451
1310,0,1759805589
1311,0,2234287451
1312,4,1962881967
1313,4,2065380702
1314,0,2186307767
1315,0,2015049367
1316,0,1691859953
1317,0,1684926083
1318,0,2000678583
1319,0,1881123761
1320,4,2016123775
1321,0,2189296463
1322,4,1992956361
1323,0,1677270584
1324,0,2053715150
1325,0,2323419337
1326,4,2062064551
1327,0,1836376368
1328,0,2050922158
1329,0,1971166959
1330,4,1825770500
1331,4,2063539573
1332,4,1880809327
1333,4,1977341221
1334,4,1685171504
1335,0,1980535213
1336,0,1977204344
1337,0,1468355474
1338,4,2052214440
1339,4,1932513452
1340,4,1963398347
1341,4,1968481354
1342,4,2187461898
1343,0,2222972833
1344,4,2059331398
1345,4,1695138164
1346,0,1834422485
1347,0,1558470909
1348,4,2186457519
1349,0,1997949319
1350,4,2179106043
1351,4,1967290007
1352,0,2189453739
1353,0,1991634312
1354,0,2298651572
1355,0,1754645384
1356,4,2065818831
1357,4,2056538028
1358,0,2207621640
1359,0,2286806070
1360,0,2187129094
1361,4,1991736828
1362,4,2051512682
1363,0,1990409056
1364,0,2288066188
1365,0,1988841988
1366,4,1970622277
1367,0,1752016891
1368,0,2250103190
1369,0,2324303363
1370,4,1985456295
1371,4,1957126292
1372,0,2175773788
1373,4,2188767867
1374,4,2000367798
1375,0,2252330119
1376,4,1551460235
1377,4,2190500206
1378,0,2264605552
1379,4,1468870352
1380,0,2056043850
1381,4,2018508718
1382,4,1754499688
1383,0,2236970823
1384,4,1832836387
1385,0,2222595673
1386,4,1573440623
1387,0,2241282982
1388,4,1678218927
1389,4,1994807934
1390,0,1932630499
1391,4,2057836194
1392,4,1883621503
1393,0,1988851156
1394,4,1976091497
1395,0,2068186017
1396,4,1956125250
1397,4,2002084345
1398,4,1992191192
1399,4,1995427782
1400,0,2251464188
1401,0,1556778252
1402,0,1971852589
1403,0,2044277698
1404,0,1679382808
1405,0,2065311417
1406,4,2053461780
1407,4,2007639296
1408,4,1883284315
1409,0,2231013553
1410,4,1880540928
1411,0,1956568766
1412,4,1565684613
1413,4,1754061075
1414,0,2060497605
1415,4,2049424689
1416,0,1880679206
1417,0,2323712172
1418,4,1983433795
1419,4,1556999493
1420,4,1979961331
1421,4,2190400308
1422,4,1994696943
1423,0,1956398498
1424,0,1755671156
1425,0,1981052093
1426,4,1999687958
1427,4,2174378020
1428,0,2191394507
1429,4,1990658331
1430,4,2062225729
1431,4,1932685361
1432,0,1985604860
1433,4,1681138020
1434,4,2015073136
1435,0,2000580400
1436,0,1882095352
1437,4,2051843159
1438,0,1469045973
1439,4,2001507588
1440,0,1997975253
1441,4,1687935959
1442,4,2052229018
1443,0,1992950486
1444,0,1564451116
1445,0,2259628739
1446,0,1982349691
1447,0,1557537840
1448,0,2236844827
1449,0,2234209407
1450,0,2216273457
1451,4,1975849019
1452,4,1985788731
1453,0,1973679168
1454,4,2190871491
1455,4,2070847798
1456,0,1995613914
1457,4,1685808073
1458,0,2016273889
1459,0,2232543463
1460,4,1573667779
1461,4,2000685267
1462,0,1834964618
1463,0,1993382629
1464,4,2001312231
1465,0,2208278674
1466,0,2063065363
1467,0,2072202191
1468,4,2015844793
1469,0,1969410120
1470,4,1548286320
1471,0,2177752692
1472,0,1956956932
1473,4,2018481906
1474,4,1993685729
1475,4,1984465171
1476,0,1678233006
1477,0,2245224960
1478,0,1997712807
1479,0,1982549464
1480,4,1824598780
1481,0,2059979827
1482,0,1995422540
1483,0,2232547072
1484,0,2263652100
1485,4,1555874826
1486,4,1793225680
1487,4,1982961106
1488,0,1678963732
1489,4,2052346075
1490,4,1470184172
1491,0,1880539445
1492,4,1970468501
1493,0,2323497028
1494,4,2000304008
1495,4,2047208093
1496,0,2187863061
1497,4,1826489028
1498,0,2326827788
1499,0,1962749754
1500,4,2057833842
1501,0,1957223405
1502,4,1564333177
1503,0,2237487426
1504,4,1557730253
1505,4,1982249719
1506,4,1970709267
1507,0,2235011027
1508,0,2015047119
1509,0,2015110989
1510,0,2233546615
1511,4,2050152584
1512,0,1793073091
1513,4,1979699549
1514,0,2057273718
1515,4,2072011170
1516,0,1961522142
1517,4,1976139823
1518,4,2068762660
1519,4,1573652178
1520,4,1970164097
1521,0,1995229909
1522,4,2176090641
1523,0,2052469259
1524,4,2062952329
1525,4,1796175826
1526,0,2178731727
1527,4,2069972916
1528,0,1972848756
1529,0,2012839223
1530,0,2015708814
1531,4,2071751866
1532,0,1974202577
1533,0,2002719366
1534,4,2003098603
1535,4,1963005330
1536,4,1991259248
1537,0,2283613574
1538,4,1977181677
1539,4,1794233476
1540,0,2233543102
1541,0,2072009544
1542,4,1964522755
1543,4,1970586469
1544,4,1973055844
1545,4,1974020002
1546,4,1881198009
1547,4,1823994551
1548,0,2232533937
1549,0,2256783519
1550,0,2184067563
1551,0,2062890647
1552,4,2045851221
1553,4,2064493325
1554,0,2039740844
1555,0,1972629991
1556,4,1965315943
1557,4,1970618903
1558,0,2230547897
1559,4,2064798456
1560,0,2072419359
1561,4,1969804601
1562,0,2015097754
1563,4,1754821453
1564,0,2259108691
1565,0,2180267930
1566,4,1468555499
1567,4,2047770301
1568,4,2193080574
1569,4,1881616595
1570,0,2189480636
1571,4,1827837872
1572,4,2175759103
1573,0,2235010844
1574,4,2052930675
1575,0,1970272843
1576,0,1882887161
1577,4,1835367426
1578,4,1836458056
1579,4,1955981636
1580,0,2013920232
1581,0,2284421995
1582,4,2192814712
1583,4,1969909447
1584,0,1965251625
1585,4,2014569054
1586,0,2250865625
1587,0,1989755266
1588,4,1881109555
1589,4,1988793349
1590,4,1824486538
1591,4,1686756981
1592,0,1559287187
1593,4,1982908079
1594,0,2187054584
1595,4,1974019422
1596,4,1880441530
1597,4,2064025090
1598,0,1824155129
1599,0,1695435940
1600,0,2260355523
1601,0,2210734775
1602,4,2009188548
1603,4,1974069017
1604,4,2045237669
1605,0,2302805709
1606,4,2052989632
1607,4,1983642394
1608,4,1984295671
1609,0,2267202539
1610,0,2256374775
1611,0,2238906102
1612,0,2216809302
1613,0,2062859330
1614,4,1751394292
1615,4,1468740584
1616,0,2051568088
1617,4,1677461096
1618,4,2187663353
1619,4,1551555743
1620,4,1972245159
1621,4,1982581266
1622,0,2252589375
1623,0,1754599886
1624,4,1823600391
1625,4,2065766886
1626,0,2056431647
1627,4,1691900052
1628,4,2176656076
1629,0,1960149874
1630,4,1678606010
1631,4,2059561626
1632,0,2283291418
1633,4,2049893793
1634,0,2231323759
1635,0,2216426411
1636,4,1961298167
1637,0,1969140807
1638,0,2061681796
1639,4,2185357050
1640,0,2288296122
1641,4,1573367901
1642,0,2214104862
1643,4,1827469657
1644,0,2211966337
1645,4,2175517436
1646,0,2014180614
1647,4,1883304581
1648,4,1824181577
1649,4,2065680873
1650,4,1980351689
1651,4,2068238712
1652,4,2015328466
1653,4,1968352987
1654,0,1559806038
1655,0,2060806020
1656,4,2188896851
1657,4,1827756892
1658,0,2244210987
1659,0,1969804572
1660,0,1834978837
1661,4,1832599757
1662,4,1753550328
1663,0,2221604608
1664,0,2053311425
1665,0,2185392724
1666,0,2262202531
1667,0,2016678009
1668,0,2188164389
1669,4,1982181382
1670,0,2067256058
1671,4,2048924413
1672,4,2066211369
1673,4,2053224492
1674,4,1963329601
1675,0,2300306376
1676,0,1974661055
1677,0,1995976817
1678,0,1969140371
1679,0,1827934912
1680,4,1824268802
1681,4,2186480541
1682,0,1956380816
1683,4,1979050731
1684,0,1676829344
1685,0,1754149137
1686,4,1881305784
1687,4,1967323684
1688,4,1975119211
1689,0,2003921752
1690,0,1563897264
1691,0,2251703420
1692,0,2203458750
1693,4,1965258901
1694,0,2248235746
1695,0,2300683798
1696,0,2192447145
1697,4,1824990035
1698,0,2067420576
1699,0,1975401347
1700,0,2017923627
1701,4,1980912100
1702,4,2177518027
1703,4,1759774300
1704,4,1676870228
1705,0,1985983467
1706,0,2001291925
1707,0,2324193170
1708,4,1980943835
1709,4,1973468379
1710,0,2199338861
1711,4,1974069845
1712,4,1791599086
1713,0,2052528845
1714,4,2189268878
1715,0,2013591649
1716,4,2063032187
1717,4,1793933406
1718,0,2258091734
1719,0,2196893023
1720,0,2062157881
1721,0,1824396243
1722,0,2208339642
1723,4,2192862242
1724,0,2179646007
1725,0,2217252246
1726,0,2244193973
1727,0,1979700396
1728,0,2223004732
1729,0,2283075734
1730,0,1551115839
1731,4,1961356600
1732,4,2175772426
1733,0,2232251853
1734,0,2296037257
1735,0,2245639079
1736,4,1881594530
1737,0,1827993126
1738,4,1984615521
1739,0,1753167047
1740,0,2071129960
1741,4,1835425768
1742,4,2061346522
1743,4,1970026286
1744,0,1956888000
1745,0,2000066390
1746,4,1970101263
1747,0,2048597136
1748,0,1998775411
1749,0,2286567349
1750,4,1989241640
1751,4,2007163382
1752,4,1993517150
1753,4,1986617082
1754,0,1551450741
1755,4,1692604778
1756,0,2251162320
1757,0,1995204725
1758,4,2001936363
1759,0,1686975021
1760,0,2326535051
1761,4,1976258835
1762,0,2244030093
1763,4,1573579273
1764,4,1991494593
1765,0,2070165601
1766,4,1564736088
1767,4,1980705452
1768,0,1826978560
1769,0,1680088057
1770,4,2055621393
1771,4,1685676334
1772,0,2245921546
1773,4,1984188456
1774,0,2057255966
1775,4,1753050778
1776,0,1957581930
1777,4,1679417587
1778,4,1962610236
1779,4,1565838802
1780,0,1979956109
1781,4,1975152282
1782,4,2046543805
1783,0,1964977815
1784,0,1974653558
1785,4,1836169163
1786,4,1792983250
1787,4,1551617459
1788,0,2327914576
1789,0,1834449604
1790,0,1995521492
1791,4,1965985499
1792,0,2187433762
1793,0,2207501040
1794,4,1983031788
1795,4,1957298927
1796,4,1981016564
1797,4,2071029755
1798,4,2057888538
1799,0,1957364648
1800,4,1751851399
1801,0,2245100250
1802,4,1981819578
1803,4,2186390369
1804,0,2066511487
1805,4,2062376794
1806,0,1551680899
1807,0,2201849526
1808,0,1970204054
1809,0,1679454376
1810,4,1677940419
1811,0,2015319835
1812,0,2191680341
1813,4,1973588026
1814,4,1990615353
1815,4,1974346925
1816,0,2236505423
1817,4,2014604209
1818,0,1989948867
1819,0,2176138317
1820,4,2188544326
1821,4,2047414150
1822,0,2185796921
1823,4,1833366672
1824,0,2219257876
1825,4,2174996936
1826,0,1792997840
1827,4,2190500055
1828,0,2287989861
1829,0,2176928176
1830,0,1680696239
1831,4,2050941358
1832,0,2191177928
1833,0,1980110018
1834,4,2015436669
1835,0,1573124581
1836,4,2068040238
1837,0,2219330056
1838,0,1956621165
1839,0,2071274866
1840,0,2015949318
1841,4,2053316505
1842,0,2206521350
1843,4,1970132719
1844,4,1564351573
1845,4,1695653594
1846,0,2187000622
1847,0,1971368610
1848,0,2204426515
1849,0,1969302039
1850,4,1759502512
1851,4,2072408282
1852,0,2201512588
1853,0,1981995100
1854,4,1981920129
1855,4,2190898952
1856,4,2056069071
1857,0,2259259636
1858,0,1956166938
1859,4,1882793844
1860,4,1678634291
1861,0,2062453385
1862,4,1677311024
1863,0,2001170407
1864,4,2067858210
1865,4,1553584729
1866,0,2071130093
1867,0,1999901014
1868,4,1565876860
1869,4,1971605686
1870,4,2181675570
1871,0,2260244301
1872,4,2059714044
1873,4,2189110403
1874,4,2192041043
1875,0,1468910825
1876,4,2014925915
1877,4,2190386899
1878,0,2241537320
1879,0,2069036720
1880,0,1970689509
1881,4,1795456418
1882,0,2068568129
1883,0,2244625936
1884,4,1883034348
1885,0,2250929552
1886,4,2003538074
1887,0,1753447295
1888,0,2054897730
1889,4,2058095568
1890,4,2063433300
1891,0,1835198989
1892,0,2056748290
1893,0,1980608651
1894,4,2189974865
1895,0,2191176577
1896,0,2263916846
1897,0,1990931044
1898,0,1986492331
1899,0,1991486207
1900,4,1996992089
1901,0,1998326748
1902,0,2227599477
1903,4,1957195994
1904,4,2009942370
1905,0,2055706838
1906,4,1968635954
1907,0,1933197331
1908,4,1880035155
1909,0,2071896876
1910,0,2302728959
1911,0,1557677768
1912,4,1881264200
1913,4,1933125886
1914,0,1974343629
1915,0,2185940523
1916,4,1962780726
1917,4,1969015205
1918,4,1793439740
1919,0,1977790817
1920,4,2007639513
1921,0,2176926815
1922,0,2059859263
1923,0,2213751398
1924,0,2262744892
1925,4,2180747399
1926,4,1980090612
1927,0,2214610088
1928,4,2174895324
1929,4,1827364785
1930,4,2003443535
1931,0,1965969124
1932,0,2218042220
1933,0,2217280831
1934,4,2192562066
1935,4,2064106367
1936,0,1681135717
1937,4,2182681621
1938,4,1998433746
1939,0,1964152263
1940,0,1955805153
1941,0,2032139816
1942,0,2261249419
1943,4,1833411481
1944,0,1994328015
1945,4,1977867560
1946,4,2185666082
1947,4,1996134057
1948,4,1693431863
1949,4,1978955642
1950,0,2214573614
1951,0,1994311708
1952,4,2070561376
1953,0,1835576885
1954,4,2015815178
1955,4,1750963939
1956,0,1686390891
1957,4,2046409040
1958,0,2001643436
1959,4,1974088082
1960,0,1974506137
1961,4,1984313109
1962,4,1794393016
1963,4,1980014721
1964,0,2257143210
1965,4,2049226924
1966,0,2284628117
1967,0,2039865794
1968,0,1962937143
1969,4,1565431197
1970,4,1752617352
1971,4,1770923454
1972,4,1973488345
1973,0,1824745781
1974,0,2052731695
1975,4,2177228294
1976,4,1990923174
1977,4,2065959790
1978,0,2192328088
1979,0,2205230764
1980,0,2250698434
1981,4,1993288711
1982,4,1962008760
1983,4,1996991860
1984,0,2048443272
1985,0,2248345439
1986,4,2033878682
1987,0,2229151022
1988,4,1960591783
1989,4,2063472004
1990,4,2185577606
1991,0,2251113155
1992,0,1685210342
1993,4,2070975174
1994,0,1989462126
1995,4,2175483398
1996,4,1991663765
1997,4,1989106935
1998,4,1822396526
1999,4,1975707816
2000,0,2191434864
2001,0,2006578525
2002,0,1982950063
2003,0,1968819181
2004,4,1759691923
2005,4,1469587029
2006,0,1557505621
2007,0,1822569800
2008,0,2216607480
2009,0,2011409677
2010,0,2251623170
2011,4,1957229135
2012,4,2044793053
2013,0,1573502509
2014,4,2053847885
2015,0,2196569664
2016,0,2049015510
2017,4,2001310848
2018,4,2175886786
2019,0,1933237456
2020,4,1792916407
2021,0,1557269131
2022,4,2049895142
2023,0,1976485830
2024,0,2204118878
2025,4,2063424901
2026,0,1760268192
2027,4,1979925433
2028,0,1468580108
2029,4,2192185847
2030,4,2177181231
2031,4,1932942427
2032,4,1556169562
2033,4,1676253101
2034,0,2322999035
2035,4,1970260810
2036,4,1678014490
2037,4,1957488522
2038,0,1555790393
2039,4,1986570587
2040,0,1836394775
2041,4,2014023471
2042,4,1880727532
2043,4,2071774475
2044,0,1551273215
2045,4,1991137105
2046,0,2013843501
2047,4,1992770413
2048,0,2219058810
2049,4,1973965073
2050,4,1468818034
2051,4,1965334927
2052,0,1956206889
2053,0,1970209926
2054,4,1978888327
2055,4,2062054190
2056,0,1999606336
2057,0,2329112651
2058,4,2065089941
2059,0,2324350006
2060,0,1962845532
2061,0,2222937560
2062,0,1695693016
2063,0,2216765574
2064,4,2016055229
2065,0,2302013949
2066,0,2001397396
2067,4,1679244916
2068,0,2295679486
2069,0,1989195146
2070,0,2192041637
2071,4,1557877628
2072,0,2255779348
2073,0,2206119932
2074,4,2056973400
2075,0,2238628428
2076,0,2221612806
2077,0,1932312420
2078,4,1827871084
2079,0,2207896638
2080,4,1969959734
2081,4,1977160939
2082,4,2002776918
2083,0,1751641448
2084,4,1993729273
2085,4,2072149678
2086,0,1972152407
2087,0,1975912995
2088,4,1973418863
2089,0,1973462438
2090,0,1559412488
2091,0,2217863665
2092,4,1932874238
2093,4,1553271490
2094,4,1989135657
2095,0,2265899663
2096,4,2069657280
2097,0,2323231919
2098,0,2248255694
2099,4,1558477743
2100,4,1551939809
2101,0,2015396784
2102,4,2009797136
2103,4,2061697120
2104,4,2050904692
2105,4,2061890354
2106,0,2191360516
2107,0,2206821849
2108,4,2063734783
2109,4,1687215939
2110,4,1990614966
2111,0,2229994089
2112,4,1971426090
2113,0,2064721253
2114,0,2044217226
2115,0,2187112273
2116,4,2185192622
2117,4,1823919564
2118,0,1824507675
2119,0,2302951208
2120,4,1971908625
2121,4,1991756757
2122,0,1751882696
2123,0,1557029129
2124,0,2322916540
2125,4,1824066678
2126,0,2053150785
2127,4,2056646265
2128,4,2015128600
2129,0,1751285633
2130,4,1553113167
2131,0,2243241519
2132,4,2057749003
2133,0,1573455853
2134,0,1967381798
2135,0,1968599754
2136,0,1993037719
2137,4,1469343736
2138,4,1833557227
2139,4,2066030946
2140,0,2323484837
2141,4,1793525699
2142,4,1933110727
2143,4,2191161287
2144,4,2066663145
2145,4,1753218339
2146,4,1932445787
2147,0,1680204172
2148,4,2011505897
2149,4,1980857344
2150,4,2063906831
2151,4,2065234188
2152,4,1550788550
2153,4,1558263840
2154,0,2013801087
2155,4,2067335863
2156,4,1973137149
2157,4,1565363458
2158,4,2045273394
2159,0,2225837891
2160,4,2180823366
2161,4,2069269045
2162,0,2198824078
2163,4,2177721325
2164,4,1981377071
2165,0,2175198875
2166,0,1996330830
2167,4,2064769898
2168,0,2066166702
2169,0,2295402632
2170,4,2179455319
2171,4,2014847318
2172,4,1970892486
2173,0,2232289399
2174,0,1991565406
2175,0,2264453714
2176,0,2240442961
2177,0,2032451094
2178,4,1978797336
2179,4,1976531261
2180,4,1678663020
2181,4,2051242761
2182,0,2058423859
2183,4,1556895144
2184,0,1680337343
2185,0,2175888960
2186,4,1827911527
2187,4,1834367949
2188,0,2066117698
2189,0,1678045377
2190,0,2002470911
2191,0,2215775947
2192,0,1979395566
2193,0,1995824667
2194,4,1771003371
2195,0,2328354310
2196,0,2187214632
2197,0,2012309317
2198,0,1696132323
2199,4,2047923632
2200,0,2300003073
2201,4,1563886328
2202,4,1687764352
2203,4,1834641200
2204,0,2283605978
2205,4,2068000398
2206,4,1983468088
2207,4,2055242756
2208,0,1957612372
2209,0,1687971070
2210,0,1881706514
2211,0,1971785235
2212,4,1992187508
2213,4,1971076334
2214,4,1558422199
2215,4,1997273591
2216,0,2219295394
2217,4,1469643532
2218,4,1564433876
2219,0,2206437901
2220,0,2015490338
2221,4,2003021004
2222,4,1960546834
2223,0,2180299725
2224,4,1881502027
2225,4,1468236693
2226,0,1977881484
2227,0,1998065409
2228,0,1980707310
2229,0,1936055747
2230,4,1753197009
2231,0,1573142912
2232,4,1992418938
2233,0,2229857734
2234,4,2187112631
2235,0,1792914169
2236,4,2052658255
2237,0,1997321006
2238,4,1980401110
2239,4,2002514307
2240,0,1791740499
2241,4,2056464939
2242,0,2206340297
2243,4,1834998725
2244,0,2052329659
2245,0,2072506090
2246,0,2062419866
2247,0,1956554663
2248,4,2175420489
2249,4,2016140490
2250,4,1759576863
2251,4,1978747268
2252,0,2200554805
2253,0,2015309674
2254,4,1969773999
2255,4,1686371337
2256,4,1975137096
2257,4,1834589592
2258,0,2233789222
2259,4,2053050707
2260,0,1834134173
2261,0,1836129292
2262,0,2013521174
2263,0,2002004871
2264,0,2065671263
2265,4,1692450566
2266,0,2250812237
2267,0,2177634364
2268,0,2001645966
2269,0,2203231142
2270,4,2015968756
2271,4,1972293384
2272,4,1824731561
2273,4,1975567818
2274,4,2064645808
2275,4,2068926189
2276,0,2233636957
2277,4,2045154044
2278,4,2186105262
2279,4,2175885036
2280,4,2056555598
2281,0,2190402503
2282,4,2045986304
2283,0,1977959209
2284,4,2056916878
2285,4,1556986821
2286,0,1792045055
2287,0,1548615817
2288,0,2252265624
2289,0,1957667820
2290,0,2003043844
2291,4,1469588957
2292,4,1990302340
2293,0,2204114915
2294,4,1984847974
2295,0,1973638733
2296,0,2303076850
2297,0,2067432862
2298,0,2001279513
2299,4,2047582306
2300,4,1979105598
2301,0,2061344422
2302,4,2186767221
2303,4,1969992484
2304,4,1880513880
2305,4,1970666495
2306,0,2052117435
2307,0,1968939325
2308,0,2068874460
2309,0,2178635412
2310,0,2002525395
2311,4,2001749165
2312,4,2063497509
2313,4,1972739687
2314,0,1967348936
2315,4,1793525447
2316,0,2325653174
2317,0,2249206075
2318,4,2174474898
2319,0,1979835743
2320,4,2182149493
2321,4,1573492522
2322,4,1990856790
2323,4,1676931881
2324,0,2251719546
2325,4,1985984595
2326,4,1989173221
2327,0,2002211548
2328,4,2016088863
2329,0,2199591500
2330,4,1754284006
2331,0,2283030029
2332,0,1983494564
2333,0,2196688508
2334,4,2058026329
2335,0,2286747800
2336,0,2231827642
2337,4,1989517430
2338,0,2062552183
2339,0,1883489156
2340,4,1932329447
2341,4,1574128255
2342,4,1992627006
2343,4,2055367506
2344,0,2215280727
2345,0,2007467946
2346,4,2192162506
2347,4,1984482913
2348,0,1694253118
2349,0,1677721859
2350,0,2229600115
2351,4,1996540246
2352,4,1882010896
2353,4,2063242824
2354,0,2193246555
2355,4,2190278874
2356,0,1960143734
2357,0,2203878160
2358,4,1963931112
2359,4,1687184099
2360,4,2002609239
2361,4,1833556354
2362,0,1563575015
2363,0,2059442747
2364,0,1990651450
2365,4,1989125101
2366,0,1686843758
2367,4,1989053410
2368,0,1933123949
2369,4,1984916080
2370,4,1999801218
2371,0,2000613900
2372,0,1996191576
2373,4,1835082763
2374,0,2237863338
2375,4,2004635910
2376,4,2064209187
2377,0,2198958595
2378,0,1573325253
2379,4,2014472077
2380,0,2286968996
2381,4,1677259895
2382,4,1991533204
2383,0,2215667959
2384,4,2062009093
2385,4,1983623389
2386,0,2266956671
2387,0,2056361852
2388,4,1469027193
2389,4,2005443022
2390,4,2003406057
2391,0,2013324850
2392,4,1573369542
2393,0,2234627996
2394,4,2065251069
2395,0,1995694453
2396,4,1980526881
2397,4,2054455142
2398,0,1680240251
2399,4,1980121045
2400,4,1793800808
2401,4,2014034328
2402,0,1686904414
2403,0,1972123005
2404,0,2242233820
2405,0,2288243814
2406,0,2251971925
2407,4,2054073594
2408,0,2062010089
2409,4,1979162965
2410,0,2188058677
2411,0,2252236430
2412,0,2050965348
2413,4,1833964618
2414,4,1996858233
2415,4,1755345389
2416,4,1548315950
2417,4,1564485625
2418,0,2192958852
2419,0,1825061754
2420,4,1881659247
2421,0,2031246515
2422,0,2200219359
2423,0,2236100189
2424,0,1468193149
2425,4,2066518918
2426,0,1976779969
2427,0,2325302420
2428,4,2184627115
2429,0,2052883940
2430,0,1982410232
2431,0,2205545179
2432,0,1881977654
2433,0,2004537976
2434,4,1559008173
2435,4,1677827165
2436,4,2046480517
2437,4,1881360259
2438,0,1998020821
2439,0,2057446268
2440,4,2012031938
2441,0,2207809302
2442,4,2062923290
2443,0,2068874466
2444,4,1834453219
2445,4,1933035220
2446,4,1970069086
2447,0,2052119049
2448,4,1822542260
2449,0,1977797440
2450,4,2184764339
2451,0,2296176027
2452,4,2068801184
2453,0,1974497077
2454,4,1975358532
2455,0,1983425261
2456,0,1980769860
2457,4,2067981228
2458,0,2227915506
2459,0,2261807812
2460,0,2222587490
2461,0,2266073797
2462,4,1990302687
2463,4,1690796737
2464,0,2059380816
2465,4,1881361409
2466,0,2049399389
2467,0,2207678287
2468,0,1960812888
2469,4,1971528969
2470,0,2204369371
2471,0,2058189366
2472,4,1823625826
2473,0,2253022130
2474,4,2176301882
2475,4,2175068348
2476,0,1795644948
2477,0,2015647712
2478,0,2322405688
2479,0,2240720856
2480,0,1963000451
2481,4,2045459355
2482,0,1996557407
2483,0,2234653839
2484,0,1551555621
2485,0,1994764693
2486,0,2302086559
2487,0,1970645779
2488,4,2018734010
2489,4,1963116320
2490,0,2194365879
2491,4,1972651847
2492,4,2006986900
2493,4,2052669622
2494,0,2003323777
2495,4,1692297837
2496,4,1990374575
2497,0,1792170745
2498,0,2066994811
2499,0,2252268183
2500,4,1836118305
2501,4,1989426984
2502,4,1553834839
2503,4,1557960983
2504,4,1983952285
2505,0,1793515105
2506,0,2054410209
2507,4,2067721815
2508,4,2068417540
2509,4,2061200143
2510,0,2202559293
2511,4,1573579208
2512,0,1677795374
2513,4,1970211459
2514,4,1967830182
2515,4,2065790525
2516,4,2072408474
2517,0,2217648967
2518,0,1558315372
2519,0,2000360783
2520,0,2044353434
2521,4,1975025325
2522,0,2070019952
2523,0,1972674586
2524,4,1983083278
2525,0,2243974958
2526,0,2191054617
2527,4,2001634085
2528,4,1825026939
2529,0,2188605909
2530,0,2045430515
2531,0,2246560832
2532,4,1985218717
2533,4,1879985159
2534,0,2252270924
2535,0,2057653664
2536,4,1963243071
2537,4,2182810044
2538,4,1677763331
2539,0,2262832465
2540,4,1968417241
2541,4,1753854612
2542,4,1559037081
2543,0,2206445682
2544,4,2014330386
2545,0,2257328052
2546,4,1980695030
2547,4,1558291105
2548,4,2063918663
2549,4,2066373568
2550,4,2188396910
2551,4,1833790917
2552,4,2176092546
2553,0,2189108947
2554,0,2207384604
2555,4,2187275630
2556,0,1991429722
2557,4,2062214174
2558,0,1967067149
2559,4,2014581808
2560,0,2069909179
2561,4,2061065922
2562,4,2061101686
2563,0,1881303684
2564,4,2071729862
2565,0,2327149094
2566,4,2014379161
2567,4,1676974065
2568,4,1969755136
2569,4,1969592395
2570,4,2182529111
2571,4,2188974530
2572,4,2054219903
2573,4,2003350074
2574,0,2181313869
2575,4,1554166812
2576,4,1559905491
2577,0,2323488876
2578,4,2188489231
2579,0,1752115828
2580,4,2056463188
2581,0,1965758120
2582,4,2064923458
2583,4,2013472710
2584,4,1834322888
2585,0,1677731842
2586,0,2282448857
2587,0,2058215290
2588,4,2054530675
2589,4,2003127188
2590,0,1995076873
2591,4,1694812799
2592,0,1967947878
2593,4,1827673774
2594,4,1976611912
2595,0,2051936784
2596,0,2217227424
2597,0,2053028396
2598,4,1966653168
2599,0,1880668106
2600,0,1956787482
2601,0,1978852155
2602,4,1960764010
2603,0,1468434965
2604,0,1694142108
2605,4,1882734843
2606,4,1994955521
2607,0,2005835646
2608,4,1979591806
2609,0,2326834061
2610,0,1973771951
2611,0,2258747029
2612,0,2049195726
2613,4,2059446029
2614,4,2015937369
2615,0,1684868230
2616,4,1979451943
2617,0,1834045860
2618,4,2180499650
2619,0,2055610936
2620,4,2002514301
2621,0,1692175138
2622,0,2064482326
2623,4,1996671263
2624,4,1883600794
2625,0,1970670697
2626,4,2065888419
2627,4,2013288680
2628,0,2068845778
2629,0,2296913466
2630,0,2050070237
2631,4,1969873244
2632,4,2052678394
2633,4,1982399497
2634,0,2063857786
2635,0,1687662219
2636,4,1880756607
2637,0,1880400441
2638,4,1970049859
2639,0,2176443012
2640,4,1686183113
2641,4,1572936256
2642,0,2326660037
2643,0,2015217065
2644,4,1693853750
2645,0,2253000140
2646,0,2255571460
2647,4,1984949585
2648,0,1968263534
2649,0,2059405670
2650,0,1975582599
2651,0,1792134031
2652,0,2064943945
2653,4,1573070456
2654,4,2058094548
2655,0,2044861148
2656,4,1968808179
2657,0,2266365840
2658,4,2048472657
2659,0,1556419789
2660,0,2230828434
2661,4,1686352205
2662,4,2188818178
2663,0,1564488258
2664,4,1883455489
2665,0,1967726058
2666,0,2237233334
2667,4,1834235475
2668,0,2232906002
2669,0,1969236792
2670,0,2185262638
2671,0,2187045680
2672,0,1971237301
2673,0,1970295202
2674,0,2222069061
2675,0,1692090921
2676,0,2014413678
2677,0,2064997768
2678,0,2057554434
2679,4,1836188173
2680,4,1827946501
2681,0,1957601007
2682,4,2068217987
2683,0,1992694239
2684,0,1834600809
2685,0,1997187682
2686,4,1551618020
2687,4,1824544713
2688,0,1695128447
2689,0,2196892449
2690,0,2202013791
2691,0,2221351167
2692,0,2252074991
2693,4,2013115664
2694,4,1681068419
2695,0,2057580720
2696,4,1976933711
2697,4,1976767326
2698,0,2299556109
2699,4,1982263597
2700,4,2048156880
2701,0,1980183048
2702,4,1824327908
2703,0,1968875922
2704,0,1553920999
2705,0,2236392229
2706,0,2050236698
2707,0,2204719791
2708,4,1754908581
2709,0,2014920464
2710,0,2258624054
2711,0,2284263484
2712,0,1881902114
2713,4,1990486884
2714,0,2000704496
2715,4,2181923457
2716,4,2058706717
2717,0,2013349521
2718,0,2220627806
2719,4,1824067212
2720,4,2175399493
2721,0,2262270564
2722,4,1963610042
2723,0,1694035573
2724,0,1553925244
2725,0,2182546303
2726,4,1833617964
2727,4,2192790811
2728,4,2058163641
2729,0,2234310657
2730,0,1975549796
2731,0,2218523064
2732,0,2054842714
2733,0,1967556275
2734,4,2001020584
2735,0,2070766231
2736,4,2061603665
2737,0,2302486596
2738,4,1966821486
2739,4,1556956245
2740,4,1995722319
2741,4,1966464751
2742,4,1793053219
2743,0,1999755614
2744,0,1881557174
2745,4,1823656646
2746,4,2013017840
2747,0,1969151458
2748,4,1755250414
2749,0,2296955054
2750,0,1975115131
2751,0,1558468760
2752,4,1985735371
2753,0,2286185935
2754,0,2065893561
2755,0,2218305195
2756,4,1558589880
2757,0,1960217210
2758,4,2032693178
2759,0,1967350994
2760,0,2176522541
2761,0,1751709889
2762,0,2069819223
2763,0,2231058989
2764,0,2008076556
2765,4,1932731557
2766,4,1975800683
2767,4,1565613670
2768,0,2056802620
2769,0,2257990882
2770,0,1996840316
2771,4,1834191447
2772,0,1573170609
2773,4,2018150451
2774,4,2062147538
2775,4,1973879596
2776,0,2301507661
2777,0,2039884539
2778,4,1972862112
2779,0,2260852110
2780,4,1966692810
2781,0,1685806294
2782,0,2229697748
2783,4,1960352990
2784,0,2002101588
2785,0,1983769669
2786,4,1997869723
2787,0,1686480672
2788,4,1687765305
2789,4,1794701481
2790,4,2071945748
2791,0,2185297043
2792,0,2067503773
2793,0,2215946745
2794,4,2062325653
2795,4,1835624627
2796,4,1824562529
2797,0,2174573289
2798,4,1960588809
2799,0,1989979255
2800,4,1468324165
2801,4,1995490677
2802,0,2206255233
2803,0,1881674247
2804,4,1752087572
2805,0,2051718391
2806,0,2232751919
2807,4,2067450819
2808,4,2015162148
2809,0,2213402376
2810,0,2298729796
2811,0,1760203782
2812,4,2001983437
2813,0,2016924775
2814,4,1563447523
2815,4,1677777880
2816,0,2068773968
2817,0,2061991760
2818,0,2188483073
2819,0,2326247745
2820,0,1686327876
2821,0,1693055472
2822,0,1685000357
2823,4,2179130798
2824,0,1998405144
2825,0,2218136104
2826,4,1770780516
2827,4,2000851184
2828,4,2002633760
2829,4,1759931207
2830,0,2205344793
2831,0,2012569511
2832,4,1996766382
2833,4,1956039609
2834,4,1881490293
2835,0,2233224289
2836,0,1970503999
2837,4,1880915586
2838,4,1972384114
2839,0,2209919347
2840,0,2015067530
2841,4,1980321010
2842,0,2204856124
2843,0,2199574804
2844,0,1986239204
2845,4,2174838658
2846,4,1695055628
2847,0,2068611714
2848,4,1956675879
2849,4,1933005919
2850,4,1990841412
2851,4,1828076191
2852,0,2246564867
2853,4,1970518688
2854,0,2288688210
2855,4,1980514090
2856,4,1970912250
2857,4,1751142972
2858,0,1754791457
2859,4,1880579294
2860,0,1692015270
2861,4,2002136129
2862,4,2193278523
2863,4,1557485226
2864,4,2051790365
2865,4,1974544670
2866,0,2296726155
2867,4,2065696902
2868,4,2061905112
2869,4,1991170358
2870,0,1770945125
2871,4,1676870314
2872,0,1563598059
2873,4,1468952674
2874,4,1552068993
2875,4,1979081755
2876,0,1881497703
2877,4,2061803626
2878,4,1882077675
2879,4,1794428747
2880,0,2239867790
2881,4,1983741345
2882,0,2232592837
2883,0,2247398826
2884,0,2254764119
2885,0,2001748543
2886,4,2188207941
2887,0,1677506281
2888,4,1696215889
2889,0,1960563813
2890,4,2178932788
2891,4,1957026472
2892,4,2185263072
2893,4,1979481070
2894,4,1834272941
2895,0,2013852695
2896,0,1966571130
2897,4,2044604362
2898,4,1685741961
2899,4,2055994409
2900,4,1972348863
2901,4,1678174930
2902,4,2071681739
2903,0,1988798281
2904,4,1675792497
2905,4,2063305493
2906,0,2237150585
2907,4,2001489548
2908,0,2205783893
2909,4,2070564041
2910,0,2259302854
2911,4,2179927799
2912,4,2181847493
2913,4,1962720145
2914,0,2261076910
2915,4,2000764474
2916,4,1834072151
2917,4,1753886218
2918,0,2191287572
2919,0,1978269356
2920,4,2013331667
2921,4,1974676148
2922,0,2244425079
2923,0,2237532986
2924,4,1832579804
2925,0,2285870938
2926,4,1966820308
2927,4,2062924297
2928,4,1985218484
2929,0,1794223490
2930,4,1997658297
2931,4,1993794626
2932,0,2302327647
2933,0,2050568380
2934,4,2058347956
2935,4,1883368481
2936,4,2014802349
2937,4,2013668557
2938,0,2211281109
2939,0,2202712329
2940,4,1676617532
2941,4,2047297834
2942,4,1971649651
2943,4,1882339121
2944,0,1967317645
2945,4,2055775569
2946,4,2014775370
2947,0,2056730130
2948,0,1991203984
2949,0,2016071727
2950,0,1977124389
2951,0,1771160850
2952,0,2050032581
2953,0,1883400166
2954,0,1999799492
2955,4,2009051507
2956,0,1967515661
2957,4,2054764755
2958,4,2059631670
2959,4,1978209658
2960,0,1991697933
2961,4,1467882119
2962,0,1974968465
2963,4,2015174020
2964,0,2265711773
2965,4,1835271298
2966,4,1883663925
2967,0,2052291094
2968,4,2004477775
2969,0,1985151689
2970,0,1691779917
2971,4,2178932626
2972,4,2066229010
2973,0,1989444407
2974,0,2253713289
2975,0,1933007971
2976,0,1753561306
2977,4,1795411375
2978,4,2010524623
2979,4,2067880361
2980,0,2218481786
2981,4,2044075986
2982,0,2235680696
2983,0,2255719374
2984,4,2057063529
2985,0,2214118589
2986,4,2063178053
2987,0,1469810128
2988,0,1960260938
2989,4,1881504519
2990,0,1680730715
2991,4,1975646283
2992,4,1999040016
2993,0,2062086462
2994,4,2188852470
2995,0,2258641448
2996,4,2191120572
2997,4,1994719649
2998,0,2061813582
2999,4,2052271572
3000,4,2190115412
3001,4,2071685051
3002,0,2188596112
3003,4,2067938561
3004,4,1967639462
3005,0,2064671823
3006,0,2068372412
3007,0,1794227619
3008,0,2051716699
3009,4,1989041900
3010,0,2263282280
3011,4,2016536922
3012,0,2051545895
3013,0,2263457695
3014,0,2227139540
3015,4,1559873939
3016,4,1792747503
3017,0,1978286204
3018,0,1994648505
3019,0,1982460764
3020,4,1973555129
3021,4,1984311083
3022,0,2176336882
3023,4,2188248135
3024,4,1678605815
3025,0,2067930384
3026,4,2052955764
3027,0,1883156725
3028,4,2186412722
3029,4,1882734927
3030,0,2064547477
3031,0,2251462259
3032,0,1823819700
3033,0,2070558768
3034,0,1823309061
3035,4,1932330455
3036,0,2185887459
3037,0,2186856529
3038,0,2188728646
3039,0,1963274001
3040,0,2003427920
3041,4,1879986613
3042,4,2014835722
3043,0,1971227637
3044,4,2046752395
3045,0,2201391506
3046,4,2055572504
3047,4,1957169739
3048,4,1973879574
3049,4,1881841266
3050,0,1970891997
3051,0,2052438802
3052,0,1564218260
3053,4,2175725372
3054,4,1967639793
3055,0,2260167034
3056,4,2053307344
3057,0,1696178358
3058,0,1973756966
3059,4,1999453405
3060,4,1685998501
3061,4,1823969408
3062,4,1832598443
3063,0,1834733779
3064,0,2058391335
3065,4,1964481301
3066,4,2067836759
3067,0,1559772519
3068,0,2201302297
3069,0,1796171471
3070,0,2324711796
3071,4,2050454512
3072,0,1968879984
3073,0,2054900445
3074,0,2015733431
3075,0,1979891929
3076,4,2062883450
3077,4,2066608334
3078,4,1972687128
3079,4,2071889428
3080,0,2002186149
3081,0,2193472361
3082,0,1998563532
3083,0,2001385887
3084,4,1990349093
3085,0,2058819168
3086,4,1991550653
3087,0,1690974548
3088,0,2179962405
3089,4,2191357844
3090,0,1834535778
3091,0,2217639365
3092,4,2052406082
3093,0,1968069627
3094,4,2055776931
3095,4,2188803048
3096,4,1981722458
3097,0,1564489397
3098,4,1989284267
3099,0,2014356921
3100,4,2063423901
3101,0,2200559346
3102,4,2190443224
3103,4,2012407620
3104,4,2182941845
3105,4,2054086930
3106,0,2069232173
3107,4,2014221110
3108,4,1975802225
3109,0,2257441687
3110,4,2169458122
3111,4,1965969247
3112,0,2234596087
3113,0,1677996141
3114,4,1991136709
3115,0,1984977992
3116,0,2194693968
3117,4,1556216392
3118,4,1995405842
3119,4,1680203932
3120,4,2062787353
3121,0,2264974317
3122,4,2016534519
3123,4,1993583420
3124,0,1880076957
3125,0,1678428973
3126,0,2206345380
3127,0,2004916380
3128,0,1754447825
3129,0,1993525443
3130,4,1972348309
3131,4,1679452885
3132,0,1971417852
3133,0,2203314006
3134,0,1883449535
3135,0,2194814033
3136,4,1982853692
3137,4,2064784179
3138,4,2060139730
3139,4,2004292340
3140,4,1969830651
3141,0,1977158723
3142,0,2245408207
3143,4,2069492461
3144,0,2203700873
3145,0,1693264346
3146,4,1988713321
3147,4,2018351525
3148,4,1932858250
3149,0,2059181755
3150,4,1823447454
3151,0,1975795445
3152,4,2063990838
3153,0,2070576408
3154,0,2265658190
3155,4,2188485269
3156,4,1985768772
3157,4,1969252943
3158,0,1694898534
3159,4,2053920856
3160,0,1956288632
3161,0,1985097820
3162,0,2243132666
3163,0,1998998714
3164,0,2256298556
3165,4,1573406074
3166,4,1996109466
3167,4,1974578725
3168,4,1835622966
3169,4,1975457936
3170,0,2236090171
3171,0,2216627959
3172,0,1996333574
3173,4,1574026316
3174,4,2015376760
3175,0,1966162025
3176,0,2218411020
3177,4,2191086350
3178,4,1559256596
3179,0,1675996767
3180,4,1686216731
3181,4,1827572473
3182,4,2046800641
3183,4,2189540251
3184,4,1556668551
3185,0,2062395614
3186,4,1792963506
3187,4,1834245760
3188,4,1685463122
3189,0,1998303787
3190,4,2058844508
3191,0,1822930353
3192,0,2060898203
3193,0,2200979325
3194,4,1823817568
3195,4,1971483698
3196,4,2187881904
3197,0,1989116440
3198,4,2069901868
3199,0,2013763096
3200,4,1793827584
3201,0,1468075908
3202,4,1968022870
3203,4,1753293149
3204,4,2051690895
3205,4,2015257432
3206,4,1880448075
3207,4,2000304067
3208,0,2176814213
3209,0,2288039241
3210,0,2263122174
3211,4,2189910485
3212,0,2324815934
3213,0,2245837115
3214,4,2192985230
3215,0,2322190906
3216,4,1968783479
3217,0,2013530422
3218,4,1998269797
3219,0,2070748664
3220,4,2044929985
3221,4,1978901443
3222,0,1753760024
3223,4,1753600483
3224,0,2265964024
3225,0,1693633576
3226,0,1990568686
3227,0,2176974768
3228,4,1998939254
3229,0,1981914588
3230,4,2058707657
3231,0,2231550714
3232,0,2217616307
3233,0,2182296509
3234,4,1882581459
3235,0,1968869931
3236,4,2070545011
3237,0,2251104473
3238,0,2259178427
3239,4,1991626011
3240,0,2032155703
3241,0,2181802152
3242,4,1558001877
3243,0,2180621040
3244,0,1565571344
3245,4,1994700391
3246,0,2068585186
3247,0,2234768236
3248,0,2049279662
3249,4,1966675248
3250,0,1963418419
3251,4,1558265459
3252,0,2047148609
3253,0,1980513846
3254,4,2052588887
3255,4,2012932316
3256,4,1967981696
3257,4,2063797316
3258,4,1967866538
3259,0,2044599715
3260,4,1691382198
3261,4,1974775981
3262,0,1984430368
3263,4,1988988535
3264,4,1971424248
3265,4,2190327304
3266,4,2060787757
3267,4,1979490877
3268,0,2245630677
3269,0,2283383718
3270,0,2217480972
3271,0,1966563909
3272,0,1968756441
3273,4,1833506574
3274,4,2057710376
3275,0,2214897551
3276,0,2192708972
3277,4,1883285545
3278,4,2191884439
3279,4,1573212786
3280,0,1881565030
3281,4,1793907745
3282,0,2263809068
3283,0,2057268982
3284,4,1969582975
3285,0,2070119306
3286,4,2049783402
3287,0,1557721918
3288,4,2059200119
3289,0,1986957958
3290,4,1833865644
3291,4,2059065282
3292,4,2001352914
3293,0,2246581882
3294,4,1553273870
3295,4,1696217579
3296,4,1932744799
3297,4,1964279809
3298,4,1984900723
3299,4,1759199801
3300,0,1996035276
3301,0,2248220723
3302,0,1932648286
3303,0,2014624746
3304,4,2067778394
3305,0,2234317003
3306,4,1833983207
3307,4,1963094192
3308,4,1553112881
3309,4,1693896321
3310,0,1964535802
3311,0,1573291771
3312,4,1983310521
3313,0,1693699773
3314,4,2070090478
3315,0,1994751873
3316,0,1985698451
3317,0,2059063707
3318,0,2237657474
3319,0,2215465603
3320,0,2326183592
3321,0,1691227127
3322,0,1994199642
3323,0,1998816384
3324,4,2175910077
3325,0,2252856172
3326,4,1468514988
3327,0,2188101786
3328,4,1468572669
3329,4,2049322766
3330,4,2177408947
3331,4,2179057240
3332,0,1971383744
3333,0,2012916458
3334,0,2231531342
3335,4,1964556509
3336,0,2240092120
3337,0,2253753693
3338,0,2213636841
3339,4,1966875259
3340,0,1976996733
3341,4,1795552422
3342,4,1880394666
3343,0,1793705257
3344,0,2247272792
3345,0,2188777957
3346,0,2006954052
3347,4,2060767441
3348,0,2068667711
3349,4,2056227250
3350,0,1965964599
3351,4,1997293090
3352,0,2187067663
3353,4,2002243866
3354,0,2244178526
3355,0,2064752009
3356,0,2236011372
3357,4,1957286841
3358,4,2192333443
3359,0,2324541761
3360,4,1986130175
3361,4,1553273287
3362,4,1686570065
3363,4,2003734549
3364,4,1997871364
3365,4,1880353441
3366,0,1966436519
3367,0,2284260308
3368,0,2058542523
3369,0,2188195644
3370,0,2226800001
3371,4,1559940098
3372,4,2179752170
3373,0,2262357967
3374,0,2002528801
3375,0,2328387617
3376,0,2221328290
3377,4,2004854202
3378,4,1694165200
3379,4,1999893390
3380,0,2264197131
3381,0,2283084148
3382,4,2063880844
3383,4,2051245053
3384,4,2183149744
3385,4,1967152545
3386,4,2061248923
3387,0,1972930409
3388,4,2015118461
3389,0,1978319874
3390,4,1551208466
3391,4,1468252540
3392,0,2013924531
3393,4,1972347244
3394,0,1989238700
3395,0,2295898972
3396,0,2063485300
3397,0,1914421516
3398,0,2185825568
3399,0,2003430143
3400,4,1468132088
3401,0,1994012119
3402,4,1833781789
3403,4,2064147422
3404,0,1989343509
3405,0,2057675411
3406,4,2018220138
3407,4,2046336595
3408,4,2191235729
3409,4,1680994379
3410,4,1573475666
3411,0,1975293097
3412,0,2327608464
3413,0,1982971508
3414,0,2256037639
3415,4,2190598749
3416,4,1999860555
3417,4,1970131657
3418,0,2328467987
3419,4,2054410565
3420,0,2049876029
3421,4,2057819586
3422,0,2264120873
3423,0,1956972557
3424,4,1984616599
3425,4,2187924454
3426,0,1557591220
3427,0,2254006700
3428,4,2015528820
3429,4,2187365944
3430,4,2176116481
3431,0,2064131009
3432,0,2050416706
3433,0,2223847994
3434,4,1983774752
3435,0,2191074982
3436,0,1932318390
3437,0,2200335923
3438,0,2198155333
3439,4,1966596235
3440,4,1956849192
3441,4,2049577190
3442,0,2227703488
3443,0,1823277403
3444,0,2057062005
3445,0,2232401808
3446,4,1968319956
3447,4,1957671345
3448,4,2193319050
3449,4,2064661530
3450,4,1981836891
3451,4,1985876443
3452,0,1983545124
3453,0,1936038239
3454,0,2190504145
3455,0,2059183635
3456,0,2015359408
3457,0,1770925259
3458,0,2254169098
3459,4,2004191605
3460,0,1989132884
3461,0,1754135095
3462,0,2233922364
3463,0,1990596726
3464,4,1836132876
3465,4,1686057200
3466,4,1835488109
3467,0,2282535586
3468,4,2189682448
3469,0,2328583860
3470,0,2185498385
3471,4,1880784528
3472,0,2180516079
3473,4,2183498470
3474,4,1831131433
3475,0,1882793880
3476,0,2188415416
3477,4,2055305219
3478,4,1989693167
3479,4,1836150576
3480,0,1976733970
3481,4,1690870865
3482,0,2205934408
3483,0,2200592194
3484,0,1974079206
3485,0,2285856466
3486,0,2223246857
3487,4,1827431352
3488,0,1834495889
3489,4,1975939926
3490,0,1824630462
3491,0,2232032611
3492,4,1976428661
3493,0,1962195304
3494,4,2184763596
3495,0,1989393904
3496,4,1989155194
3497,0,1565762434
3498,4,2187837854
3499,0,1962714319
3500,4,2182023018
3501,0,2258969037
3502,0,2176699067
3503,4,1979788048
3504,4,2067662368
3505,4,1982414771
3506,4,1988701089
3507,4,2072262762
3508,0,1976483063
3509,4,2044242561
3510,4,2059350259
3511,4,1834951502
3512,4,1880698956
3513,0,2252222429
3514,4,2061819864
3515,0,1983316691
3516,0,1983131791
3517,4,1557601835
3518,0,2052332852
3519,0,1991677248
3520,4,1827651183
3521,4,1759577978
3522,4,1827961994
3523,0,1754727195
3524,4,2002804430
3525,0,1977038711
3526,0,2209203435
3527,4,1881419653
3528,4,1469048892
3529,0,1973932986
3530,4,1551875680
3531,0,2070763998
3532,4,1554015992
3533,0,2062833643
3534,0,2218214416
3535,4,1988895366
3536,4,1971075435
3537,4,1970638679
3538,0,1969223861
3539,0,2252098075
3540,4,1955908325
3541,4,1989144568
3542,0,1563765840
3543,0,2234183336
3544,4,1989776815
3545,4,1754448780
3546,0,1755500002
3547,4,1752618047
3548,0,2059089655
3549,4,1975326806
3550,4,1556986811
3551,0,2227891021
3552,4,2067416115
3553,4,2048618004
3554,4,1752747441
3555,0,2289546605
3556,4,2062386448
3557,0,1677924355
3558,4,1833848773
3559,0,1755237985
3560,0,2062253025
3561,4,1993098043
3562,4,1686878265
3563,4,1827722489
3564,0,1564382019
3565,0,2325825391
3566,0,2215476462
3567,0,2247901646
3568,4,1678817790
3569,4,2005511349
3570,0,1964992311
3571,4,1565132260
3572,0,1961477992
3573,0,2258950657
3574,0,2187915590
3575,0,1557081996
3576,4,2045106712
3577,0,2048008674
3578,0,2241149766
3579,0,2239755372
3580,4,1880771317
3581,0,2196426432
3582,0,2222998008
3583,4,2177145684
3584,0,2178086758
3585,0,2244962266
3586,0,2286789928
3587,0,2236268836
3588,4,1555790195
3589,4,1997501903
3590,4,1695545390
3591,0,2255452261
3592,4,2059048042
3593,4,1982281114
3594,0,2185165036
3595,0,2196355736
3596,4,1826384398
3597,0,2205510986
3598,4,2182125472
3599,0,2066808808
3600,0,2187521771
3601,0,1678029103
3602,4,2052581247
3603,0,1984636267
3604,0,2198299497
3605,0,2224429765
3606,4,2051530205
3607,0,2222098812
3608,4,2188031345
3609,0,1972443985
3610,0,2012714932
3611,0,1834209496
3612,0,2324286632
3613,0,1754155571
3614,4,1558048252
3615,0,1989818681
3616,0,2200536541
3617,4,2179008445
3618,0,2253791736
3619,4,1881079583
3620,4,1973313449
3621,0,2212960652
3622,0,1972656420
3623,0,2282478081
3624,0,2221385140
3625,0,2057788146
3626,4,2048594529
3627,0,1882674115
3628,4,2180822857
3629,0,2050940394
3630,4,1966521642
3631,0,2260266405
3632,0,2245675273
3633,0,2249873888
3634,0,2198494334
3635,4,1993950185
3636,4,1833443864
3637,4,1556879058
3638,4,1833705505
3639,4,2192770544
3640,4,2184760795
3641,4,1680273795
3642,0,2221399008
3643,0,2175594636
3644,0,2252903258
3645,4,1968182574
3646,0,1968857461
3647,4,1469982455
3648,0,2004493555
3649,4,2069232544
3650,4,1975234321
3651,4,2182479933
3652,0,2259383753
3653,4,1973519125
3654,4,1984414197
3655,4,2045502989
3656,4,2178033884
3657,4,1982651325
3658,0,2243241467
3659,4,1998535042
3660,4,1981236658
3661,0,1991069484
3662,4,1755121812
3663,4,1993161570
3664,4,1992108716
3665,4,2178693370
3666,0,1556621354
3667,4,2185872417
3668,0,1468585401
3669,4,2190881618
3670,4,1836501412
3671,0,1989113655
3672,4,1985804329
3673,4,1677957450
3674,0,2065999381
3675,0,2237867734
3676,4,1981279046
3677,0,2221499744
3678,0,2063665973
3679,0,2215156409
3680,0,1833524870
3681,4,1984448834
3682,0,2204246180
3683,4,1975769001
3684,0,2223327437
3685,0,2051234719
3686,0,2201909098
3687,4,1970330569
3688,4,2058830036
3689,4,2061523196
3690,4,1834875427
3691,0,2065726948
3692,0,2199226627
3693,0,2242914969
3694,4,1975675643
3695,4,1994079944
3696,4,1972227921
3697,4,2066336970
3698,4,1834262262
3699,0,2015587601
3700,0,2209851578
3701,0,2205419922
3702,4,1969016936
3703,0,2249207045
3704,0,1993657886
3705,4,2184763201
3706,0,2039685192
3707,4,2058230097
3708,0,1795846621
3709,0,2222715181
3710,4,2059414407
3711,4,1771187160
3712,4,1468322457
3713,0,2327589518
3714,4,2054472362
3715,0,2247954181
3716,0,2242625299
3717,4,1973485339
3718,0,2238403750
3719,4,2063847647
3720,4,2056352995
3721,4,2055227023
3722,4,1979197237
3723,0,2231952517
3724,4,1955950851
3725,4,1676912135
3726,4,2059880759
3727,0,1970994812
3728,0,2045308066
3729,0,1468869179
3730,4,2052915552
3731,0,2259390796
3732,0,1957669715
3733,0,1970368422
3734,0,2202178282
3735,0,2223730269
3736,0,2298068530
3737,4,2175363286
3738,4,1962983721
3739,0,1676386406
3740,4,1563973434
3741,4,1469902622
3742,4,2188940964
3743,0,2047647089
3744,0,2014675035
3745,0,1795407791
3746,4,2065043443
3747,4,2002454185
3748,0,2206470348
3749,0,2012946309
3750,4,1686352065
3751,0,2283888975
3752,4,2186858844
3753,4,1883016341
3754,0,2059175508
3755,4,1994041007
3756,0,2068910237
3757,0,2296104537
3758,0,2052166426
3759,0,2286574186
3760,4,1965580812
3761,4,1975725409
3762,4,2053166589
3763,0,2288033919
3764,4,1559642542
3765,0,2003703348
3766,4,2178984845
3767,0,2058316127
3768,0,1955850250
3769,4,2174780923
3770,4,2055998279
3771,0,2058282195
3772,0,2218111398
3773,4,2178788980
3774,4,1984864343
3775,4,2060276053
3776,0,1972925091
3777,0,2175701951
3778,0,1678061807
3779,4,1558449441
3780,4,2189634552
3781,0,2215963565
3782,0,2054310319
3783,0,2017837494
3784,0,1967307409
3785,4,1823481760
3786,4,2062649229
3787,0,2321829653
3788,0,1960379668
3789,0,1827211408
3790,4,1984985387
3791,0,1984016577
3792,4,2191072828
3793,4,1793375964
3794,4,1990328749
3795,0,2246124533
3796,4,1695510948
3797,0,1966304514
3798,4,1979352365
3799,4,2003645575
3800,0,2256666724
3801,4,1468039203
3802,0,2298291019
3803,4,2189282578
3804,4,1985281134
3805,0,1976528420
3806,4,2052533055
3807,0,2212864642
3808,0,1978316163
3809,4,2012503792
3810,4,2063865102
3811,4,1834055009
3812,0,2069695253
3813,4,2061729679
3814,0,2013605420
3815,0,1994641997
3816,0,2071990890
3817,0,1974660293
3818,0,1973545364
3819,0,2174861081
3820,0,1982412990
3821,4,1977260051
3822,4,1999097611
3823,0,2199672053
3824,4,2183674567
3825,0,2288113695
3826,0,1994760952
3827,4,1980857981
3828,0,1967099617
3829,0,1956297799
3830,0,2056403540
3831,0,1977543737
3832,0,2069150245
3833,0,2184890037
3834,0,2299029392
3835,0,2234920618
3836,4,1680849823
3837,4,2184648865
3838,4,2048925595
3839,4,1972721638
3840,0,1972365536
3841,4,1991170994
3842,4,2063496229
3843,0,2247101420
3844,4,2061507262
3845,0,2259939498
3846,0,1984542247
3847,4,2053226280
3848,4,2174795636
3849,4,1996003626
3850,0,2321414988
3851,0,1760078733
3852,0,1677229829
3853,0,2219507949
3854,0,2298439273
3855,0,2193768723
3856,0,1989571033
3857,0,2325606583
3858,0,2175678975
3859,4,1753400210
3860,4,2189523437
3861,4,1970554454
3862,0,2069280202
3863,0,2066363125
3864,0,2072506719
3865,0,2255134281
3866,4,2179628995
3867,0,2051415921
3868,0,2190355776
3869,0,2205941976
3870,4,1974975229
3871,0,1835711821
3872,0,1685742973
3873,4,2189539307
3874,0,2176807553
3875,0,1557706834
3876,0,1984095507
3877,4,1694089674
3878,0,1694216664
3879,0,2227695508
3880,0,2207262931
3881,0,1986277983
3882,0,1966658054
3883,4,2057923264
3884,0,2055319660
